{"cameraMode":{"drawMode":0,"name":"Shaded","section":"Shading Mode"},"sceneLighting":true,"audioPlay":false,"sceneViewState":{"m_AlwaysRefresh":false,"showFog":true,"showSkybox":true,"showFlares":true,"showImageEffects":true,"showParticleSystems":true,"showVisualEffectGraphs":true,"m_FxEnabled":true},"in2DMode":false,"pivot":{"x":0.5035192370414734,"y":-0.1505720466375351,"z":0.11045901477336884},"rotation":{"x":0.11419492959976196,"y":-0.8588559627532959,"z":0.4490835666656494,"w":0.21836598217487336},"size":12.12435531616211,"orthographic":true}